{"cameraMode":{"drawMode":0,"name":"Shaded","section":"Shading Mode"},"sceneLighting":true,"audioPlay":false,"sceneViewState":{"showFog":true,"showMaterialUpdate":true,"showSkybox":true,"showFlares":true,"showImageEffects":true,"showParticleSystems":true},"in2DMode":false,"pivot":{"x":10.75208568572998,"y":2.9288852214813234,"z":-2.2967967987060549},"rotation":{"x":0.013117806985974312,"y":0.9498611688613892,"z":-0.04021226987242699,"w":0.3098274767398834},"size":20.85531997680664,"orthographic":false}