{"cameraMode":{"drawMode":0,"name":"Shaded","section":"Shading Mode"},"sceneLighting":true,"audioPlay":false,"sceneViewState":{"showFog":true,"showMaterialUpdate":false,"showSkybox":true,"showFlares":true,"showImageEffects":true,"showParticleSystems":true},"in2DMode":false,"pivot":{"x":5.779296398162842,"y":9.936890602111817,"z":-13.833619117736817},"rotation":{"x":-0.38832154870033266,"y":-0.35832372307777407,"z":0.16716335713863374,"w":-0.8323862552642822},"size":0.8966934084892273,"orthographic":false}