{"cameraMode":{"drawMode":0,"name":"Shaded","section":"Shading Mode"},"sceneLighting":true,"audioPlay":false,"sceneViewState":{"showFog":true,"showMaterialUpdate":true,"showSkybox":true,"showFlares":true,"showImageEffects":true,"showParticleSystems":true},"in2DMode":false,"pivot":{"x":6.271651268005371,"y":5.314154624938965,"z":9.638176918029786},"rotation":{"x":0.21896937489509583,"y":0.21626439690589906,"z":-0.04984643682837486,"w":0.9501722455024719},"size":28.614850997924806,"orthographic":false}