{"cameraMode":{"drawMode":0,"name":"Shaded","section":"Shading Mode"},"sceneLighting":false,"audioPlay":false,"sceneViewState":{"showFog":true,"showMaterialUpdate":true,"showSkybox":true,"showFlares":true,"showImageEffects":true,"showParticleSystems":true},"in2DMode":false,"pivot":{"x":0.009999990463256836,"y":-0.12000000476837158,"z":1.0},"rotation":{"x":-0.0529744029045105,"y":0.94679194688797,"z":-0.23501954972743989,"w":-0.21341082453727723},"size":4.739264488220215,"orthographic":true}